Participant_ID,Age,Gender,Grade,Testing_Channel,Memory_Type,Control_Interface,MBF,Trust_Item1,Trust_Item2,Trust_Item3
1,47,Female,Resident,Campus resident session,Intrusive Memory,No Control,3,3,2,2
2,20,Male,Year 1,Campus session,Intrusive Memory,No Control,2.667,4,3,6
3,18,Female,Year 2,Campus session,Intrusive Memory,No Control,2.667,3,4,5
4,20,Male,Year 1,Campus session,Intrusive Memory,No Control,3,5,4,3
5,35,Male,Resident,Campus resident session,Intrusive Memory,No Control,2.667,4,6,5
6,20,Male,Year 2,Campus session,Intrusive Memory,No Control,3.667,4,4,4
7,40,Female,Resident,Campus resident session,Intrusive Memory,No Control,2.667,4,5,5
8,20,Male,Year 2,Campus session,Intrusive Memory,No Control,3.667,4,3,5
9,38,Male,Resident,Campus resident session,Intrusive Memory,No Control,3,5,4,4
10,42,Female,Resident,Campus resident session,Intrusive Memory,No Control,1,5,6,5
11,18,Male,Year 1,Campus session,Intrusive Memory,No Control,4.333,5,6,6
12,60,Female,Resident,Campus resident session,Intrusive Memory,No Control,3.667,4,3,4
13,20,Female,Year 2,Campus session,Intrusive Memory,No Control,3,4,4,5
14,25,Female,Resident,Campus resident session,Intrusive Memory,No Control,2.333,5,5,4
15,19,Female,Year 1,Campus session,Intrusive Memory,No Control,3.333,5,3,3
16,21,Male,Year 3,Online/network test,Intrusive Memory,No Control,4.667,3,4,4
17,18,Female,Year 2,Campus session,Intrusive Memory,No Control,4,3,4,2
18,47,Female,Resident,Campus resident session,Intrusive Memory,No Control,2.333,4,3,4
19,26,Male,Resident,Campus resident session,Intrusive Memory,No Control,2.667,4,3,4
20,21,Female,Year 1,Online/network test,Intrusive Memory,No Control,3.667,4,5,4
21,38,Male,Resident,Campus resident session,Intrusive Memory,No Control,3.667,4,5,4
22,19,Female,Year 1,Campus session,Intrusive Memory,No Control,4.667,3,4,3
23,54,Female,Resident,Campus resident session,Intrusive Memory,No Control,3,5,4,4
24,22,Male,Year 1,Campus session,Intrusive Memory,No Control,4.333,5,4,4
25,19,Male,Year 3,Online/network test,Intrusive Memory,No Control,1.667,3,3,3
26,21,Male,Year 2,Campus session,Intrusive Memory,No Control,3.333,5,6,5
27,20,Female,Year 3,Campus session,Intrusive Memory,No Control,2.333,2,1,4
28,21,Female,Year 3,Online/network test,Intrusive Memory,No Control,2.667,3,4,5
29,19,Male,Year 1,Online/network test,Intrusive Memory,No Control,3.667,2,3,2
30,20,Male,Year 3,Campus session,Intrusive Memory,No Control,1,4,3,5
31,42,Female,Resident,Campus resident session,Intrusive Memory,No Control,3.333,5,5,5
32,19,Male,Year 2,Campus session,Intrusive Memory,No Control,4,5,5,4
33,19,Male,Year 1,Online/network test,Intrusive Memory,No Control,3.667,4,5,4
34,20,Female,Year 1,Online/network test,Intrusive Memory,No Control,3.667,4,4,5
35,22,Male,Year 3,Campus session,Intrusive Memory,No Control,5.333,3,3,3
36,18,Male,Year 3,Campus session,Intrusive Memory,No Control,3,4,6,5
37,33,Male,Resident,Campus resident session,Intrusive Memory,No Control,1.667,5,4,5
38,21,Female,Year 2,Campus session,Intrusive Memory,No Control,4.667,3,3,3
39,19,Male,Year 1,Online/network test,Intrusive Memory,No Control,3.667,2,3,3
40,36,Female,Resident,Campus resident session,Intrusive Memory,No Control,1,4,3,5
41,22,Female,Year 1,Campus session,Intrusive Memory,No Control,1.667,3,2,2
42,20,Female,Year 1,Online/network test,Intrusive Memory,No Control,2.333,5,4,4
43,20,Male,Year 1,Online/network test,Intrusive Memory,No Control,2.667,4,4,5
44,21,Female,Year 2,Online/network test,Intrusive Memory,No Control,4.667,4,4,5
45,18,Male,Year 2,Online/network test,Intrusive Memory,No Control,3,4,5,5
46,47,Female,Resident,Campus resident session,Intrusive Memory,No Control,3,3,5,3
47,36,Female,Resident,Campus resident session,Intrusive Memory,No Control,5,4,3,2
48,21,Female,Year 2,Campus session,Intrusive Memory,No Control,3,5,4,5
49,43,Male,Resident,Campus resident session,Intrusive Memory,No Control,2,1,1,1
50,20,Female,Year 2,Campus session,Intrusive Memory,No Control,3.333,3,3,3
51,20,Female,Year 2,Online/network test,Intrusive Memory,No Control,1,6,5,5
52,42,Female,Resident,Campus resident session,Intrusive Memory,No Control,1.333,6,5,4
53,18,Female,Year 2,Campus session,Intrusive Memory,No Control,3.333,4,4,4
54,21,Female,Year 2,Online/network test,Intrusive Memory,No Control,3,3,3,4
55,20,Male,Year 3,Online/network test,Intrusive Memory,No Control,1.667,5,4,4
56,19,Female,Year 2,Campus session,Intrusive Memory,No Control,4.333,3,4,5
57,36,Male,Resident,Campus resident session,Intrusive Memory,No Control,2,4,4,5
58,21,Female,Year 3,Online/network test,Intrusive Memory,No Control,2.333,4,5,4
59,20,Female,Year 3,Campus session,Intrusive Memory,No Control,1,4,4,5
60,22,Female,Year 2,Online/network test,Intrusive Memory,No Control,2.333,3,3,3
61,20,Male,Year 2,Campus session,Intrusive Memory,No Control,2.667,4,4,5
62,21,Female,Year 1,Campus session,Intrusive Memory,No Control,3.667,2,4,2
63,20,Female,Year 3,Campus session,Intrusive Memory,No Control,3,4,3,3
64,59,Male,Resident,Campus resident session,Intrusive Memory,No Control,4,4,2,3
65,20,Male,Year 2,Campus session,Intrusive Memory,No Control,2.667,5,5,5
66,21,Male,Year 1,Campus session,Intrusive Memory,No Control,3.333,4,5,4
67,20,Female,Year 3,Campus session,Intrusive Memory,No Control,4.333,4,5,4
68,20,Male,Year 3,Campus session,Intrusive Memory,No Control,3,4,5,5
69,20,Female,Year 1,Online/network test,Intrusive Memory,No Control,2.667,5,5,5
70,21,Female,Year 2,Online/network test,Intrusive Memory,No Control,2.667,2,2,3
71,21,Male,Year 1,Campus session,Intrusive Memory,No Control,4,2,3,3
72,19,Male,Year 1,Online/network test,Intrusive Memory,No Control,2.333,3,3,3
73,21,Male,Year 2,Campus session,Intrusive Memory,No Control,2.333,4,5,4
74,20,Male,Year 3,Campus session,Intrusive Memory,No Control,2.333,4,4,4
75,46,Female,Resident,Campus resident session,Intrusive Memory,No Control,2.333,5,6,5
76,25,Prefer not to say,Resident,Campus resident session,Intrusive Memory,No Control,3.667,3,2,3
77,43,Male,Resident,Campus resident session,Intrusive Memory,No Control,2.667,2,2,2
78,20,Male,Year 1,Campus session,Intrusive Memory,No Control,4.333,4,4,3
79,36,Female,Resident,Campus resident session,Intrusive Memory,No Control,3,2,2,2
80,48,Male,Resident,Campus resident session,Intrusive Memory,No Control,2,4,3,3
81,35,Female,Resident,Campus resident session,Intrusive Memory,No Control,3.667,4,5,4
82,19,Female,Year 1,Campus session,Intrusive Memory,No Control,2.333,3,3,3
83,22,Female,Year 3,Campus session,Intrusive Memory,No Control,2.333,4,4,5
84,22,Male,Year 3,Campus session,Intrusive Memory,No Control,3,4,6,4
85,41,Male,Resident,Campus resident session,Intrusive Memory,No Control,2.667,5,5,5
86,19,Male,Year 1,Campus session,Intrusive Memory,No Control,3.667,4,4,3
87,18,Male,Year 1,Campus session,No Memory,No Control,5.667,4,3,4
88,45,Male,Resident,Campus resident session,No Memory,No Control,5,4,3,4
89,48,Female,Resident,Campus resident session,No Memory,No Control,4.667,4,4,4
90,20,Male,Year 1,Campus session,No Memory,No Control,4.667,7,6,6
91,32,Male,Resident,Campus resident session,No Memory,No Control,4.333,7,6,6
92,21,Female,Year 1,Campus session,No Memory,No Control,4.667,4,3,4
93,20,Female,Year 2,Online/network test,No Memory,No Control,6.333,4,4,4
94,19,Male,Year 3,Campus session,No Memory,No Control,4,4,4,4
95,39,Female,Resident,Campus resident session,No Memory,No Control,6,5,3,4
96,20,Female,Year 3,Campus session,No Memory,No Control,5.333,5,5,6
97,20,Female,Year 2,Campus session,No Memory,No Control,4.667,1,1,1
98,22,Female,Year 1,Campus session,No Memory,No Control,3.333,5,4,5
99,18,Female,Year 3,Campus session,No Memory,No Control,5.333,4,4,5
100,38,Male,Resident,Campus resident session,No Memory,No Control,5.667,5,5,6
101,18,Female,Year 3,Online/network test,No Memory,No Control,3.667,4,4,4
102,20,Male,Year 1,Online/network test,No Memory,No Control,4,4,4,5
103,19,Male,Year 3,Online/network test,No Memory,No Control,4.333,4,4,3
104,21,Prefer not to say,Year 3,Campus session,No Memory,No Control,5.333,4,4,5
105,19,Male,Year 2,Online/network test,No Memory,No Control,5,4,4,3
106,21,Male,Year 2,Online/network test,No Memory,No Control,5.333,5,5,5
107,36,Female,Resident,Campus resident session,No Memory,No Control,5,6,5,6
108,55,Male,Resident,Campus resident session,No Memory,No Control,4.667,3,2,4
109,20,Female,Year 2,Campus session,No Memory,No Control,2.667,3,3,3
110,19,Female,Year 3,Online/network test,No Memory,No Control,2.333,7,7,7
111,45,Male,Resident,Campus resident session,No Memory,No Control,4.333,4,4,3
112,21,Female,Year 2,Online/network test,No Memory,No Control,4,4,4,5
113,19,Male,Year 2,Online/network test,No Memory,No Control,4,3,3,4
114,20,Female,Year 1,Online/network test,No Memory,No Control,4.333,4,3,3
115,31,Female,Resident,Campus resident session,No Memory,No Control,4,4,4,4
116,20,Female,Year 2,Campus session,No Memory,No Control,5.333,1,1,1
117,49,Female,Resident,Campus resident session,No Memory,No Control,3.333,5,5,5
118,58,Male,Resident,Campus resident session,No Memory,No Control,4.667,3,5,4
119,22,Male,Year 1,Campus session,No Memory,No Control,4.333,5,5,4
120,20,Male,Year 3,Campus session,No Memory,No Control,2.667,5,5,5
121,23,Female,Year 2,Campus session,No Memory,No Control,5.333,4,4,5
122,19,Female,Year 1,Online/network test,No Memory,No Control,4,5,5,4
123,22,Male,Year 3,Online/network test,No Memory,No Control,4.667,5,4,4
124,50,Male,Resident,Campus resident session,No Memory,No Control,3.333,4,4,4
125,20,Female,Year 1,Online/network test,No Memory,No Control,2,4,5,4
126,20,Male,Year 1,Online/network test,No Memory,No Control,4,4,4,4
127,20,Female,Year 2,Campus session,No Memory,No Control,3.667,5,4,5
128,30,Female,Resident,Campus resident session,No Memory,No Control,5.333,3,3,4
129,38,Female,Resident,Campus resident session,No Memory,No Control,4,4,5,4
130,51,Female,Resident,Campus resident session,No Memory,No Control,6,6,6,5
131,36,Female,Resident,Campus resident session,No Memory,No Control,4.667,3,4,3
132,20,Male,Year 1,Online/network test,No Memory,No Control,3.667,4,3,4
133,19,Female,Year 1,Campus session,No Memory,No Control,3.667,5,6,6
134,45,Male,Resident,Campus resident session,No Memory,No Control,4.667,6,5,4
135,18,Male,Year 2,Online/network test,No Memory,No Control,2.667,6,5,6
136,24,Female,Year 1,Campus session,No Memory,No Control,4.333,4,5,4
137,20,Female,Year 1,Campus session,No Memory,No Control,6.667,4,4,5
138,48,Female,Resident,Campus resident session,No Memory,No Control,3.667,5,4,4
139,20,Male,Year 2,Online/network test,No Memory,No Control,4.667,4,4,3
140,22,Female,Year 3,Campus session,No Memory,No Control,5,5,5,4
141,35,Male,Resident,Campus resident session,No Memory,No Control,5.667,4,4,4
142,20,Female,Year 1,Online/network test,No Memory,No Control,6,6,6,6
143,20,Male,Year 2,Online/network test,No Memory,No Control,5.333,3,2,3
144,21,Male,Year 2,Campus session,No Memory,No Control,2.333,5,5,4
145,18,Male,Year 1,Campus session,No Memory,No Control,3,4,3,3
146,20,Female,Year 3,Campus session,No Memory,No Control,5.333,4,4,3
147,41,Male,Resident,Campus resident session,No Memory,No Control,5.333,3,4,4
148,21,Female,Year 2,Campus session,No Memory,No Control,6,4,3,4
149,25,Female,Resident,Campus resident session,No Memory,No Control,4.333,5,5,5
150,19,Female,Year 3,Campus session,No Memory,No Control,4.333,5,6,4
151,20,Female,Year 1,Online/network test,No Memory,No Control,3.667,5,4,4
152,20,Female,Year 3,Campus session,No Memory,No Control,2.333,3,3,3
153,22,Male,Year 2,Campus session,No Memory,No Control,5.667,4,4,4
154,20,Male,Year 2,Campus session,No Memory,No Control,2.667,4,4,5
155,33,Female,Resident,Campus resident session,No Memory,No Control,4.667,4,5,4
156,21,Male,Year 2,Campus session,No Memory,No Control,3,3,3,3
157,20,Female,Year 1,Campus session,No Memory,No Control,5,6,4,5
158,20,Male,Year 2,Campus session,No Memory,No Control,5.667,4,3,4
159,18,Female,Year 3,Campus session,No Memory,No Control,5.667,4,5,4
160,40,Prefer not to say,Resident,Campus resident session,No Memory,No Control,5.333,5,4,4
161,19,Female,Year 1,Online/network test,No Memory,No Control,3.333,4,4,4
162,19,Male,Year 2,Online/network test,No Memory,No Control,4.667,5,6,5
163,21,Female,Year 3,Online/network test,No Memory,No Control,5,4,4,4
164,19,Male,Year 3,Online/network test,No Memory,No Control,4,4,4,4
165,21,Female,Year 1,Campus session,No Memory,No Control,5.667,6,4,5
166,32,Male,Resident,Campus resident session,No Memory,No Control,3.333,6,4,4
167,55,Female,Resident,Campus resident session,No Memory,No Control,4,7,6,5
168,28,Female,Resident,Campus resident session,No Memory,No Control,3.667,3,2,3
169,38,Female,Resident,Campus resident session,No Memory,No Control,4.667,5,5,5
170,21,Female,Year 3,Campus session,No Memory,No Control,4.333,5,5,6
171,43,Male,Resident,Campus resident session,No Memory,No Control,5.333,4,5,4
172,20,Male,Year 3,Online/network test,No Memory,No Control,5.333,5,5,5
173,53,Male,Resident,Campus resident session,No Memory,No Control,4.333,4,4,4
174,29,Female,Resident,Campus resident session,No Memory,No Control,3.667,5,4,5
175,52,Male,Resident,Campus resident session,Relevant Memory,No Control,6,5,5,5
176,21,Female,Year 2,Online/network test,Relevant Memory,No Control,5.667,4,5,5
177,42,Male,Resident,Campus resident session,Relevant Memory,No Control,4,5,5,5
178,21,Male,Year 1,Online/network test,Relevant Memory,No Control,5.333,4,3,4
179,19,Female,Year 3,Online/network test,Relevant Memory,No Control,6.667,6,6,5
180,22,Prefer not to say,Year 2,Online/network test,Relevant Memory,No Control,5.667,6,5,5
181,21,Female,Year 3,Campus session,Relevant Memory,No Control,5,4,3,4
182,19,Male,Year 3,Online/network test,Relevant Memory,No Control,6,6,6,5
183,34,Male,Resident,Campus resident session,Relevant Memory,No Control,4.333,4,3,3
184,45,Female,Resident,Campus resident session,Relevant Memory,No Control,7,6,6,6
185,43,Male,Resident,Campus resident session,Relevant Memory,No Control,5.667,5,6,5
186,37,Female,Resident,Campus resident session,Relevant Memory,No Control,4.667,5,4,5
187,19,Male,Year 1,Campus session,Relevant Memory,No Control,6,6,7,5
188,42,Female,Resident,Campus resident session,Relevant Memory,No Control,5,5,6,5
189,38,Female,Resident,Campus resident session,Relevant Memory,No Control,6.333,5,4,4
190,20,Female,Year 2,Campus session,Relevant Memory,No Control,5,4,4,4
191,43,Female,Resident,Campus resident session,Relevant Memory,No Control,5.667,3,4,3
192,19,Female,Year 1,Campus session,Relevant Memory,No Control,5.667,4,5,5
193,47,Female,Resident,Campus resident session,Relevant Memory,No Control,7,5,5,5
194,20,Female,Year 3,Campus session,Relevant Memory,No Control,5,5,4,3
195,21,Male,Year 1,Online/network test,Relevant Memory,No Control,6,3,3,3
196,20,Female,Year 2,Campus session,Relevant Memory,No Control,4,5,4,5
197,54,Male,Resident,Campus resident session,Relevant Memory,No Control,7,5,4,3
198,32,Female,Resident,Campus resident session,Relevant Memory,No Control,6,5,5,6
199,62,Male,Resident,Campus resident session,Relevant Memory,No Control,6,3,5,4
200,25,Female,Resident,Campus resident session,Relevant Memory,No Control,6,5,5,4
201,19,Female,Year 2,Online/network test,Relevant Memory,No Control,6.667,4,5,4
202,21,Male,Year 3,Campus session,Relevant Memory,No Control,5.333,5,5,5
203,20,Male,Year 1,Campus session,Relevant Memory,No Control,5,4,5,4
204,21,Female,Year 2,Online/network test,Relevant Memory,No Control,4.667,4,3,3
205,20,Female,Year 2,Online/network test,Relevant Memory,No Control,5.333,5,5,4
206,18,Female,Year 1,Online/network test,Relevant Memory,No Control,3.667,5,3,3
207,40,Female,Resident,Campus resident session,Relevant Memory,No Control,6,5,5,4
208,21,Male,Year 3,Online/network test,Relevant Memory,No Control,5.667,5,3,6
209,46,Female,Resident,Campus resident session,Relevant Memory,No Control,6.667,5,6,5
210,18,Male,Year 2,Campus session,Relevant Memory,No Control,4,4,3,4
211,19,Female,Year 1,Campus session,Relevant Memory,No Control,6,2,4,3
212,43,Female,Resident,Campus resident session,Relevant Memory,No Control,6,5,6,5
213,18,Male,Year 2,Campus session,Relevant Memory,No Control,4.667,4,4,4
214,37,Female,Resident,Campus resident session,Relevant Memory,No Control,6,5,5,4
215,21,Female,Year 2,Campus session,Relevant Memory,No Control,6.667,5,4,4
216,21,Male,Year 1,Campus session,Relevant Memory,No Control,5.333,7,6,5
217,40,Female,Resident,Campus resident session,Relevant Memory,No Control,4.667,4,4,3
218,38,Female,Resident,Campus resident session,Relevant Memory,No Control,6,5,5,5
219,19,Female,Year 3,Online/network test,Relevant Memory,No Control,5.333,5,4,4
220,37,Female,Resident,Campus resident session,Relevant Memory,No Control,6.333,7,7,7
221,48,Male,Resident,Campus resident session,Relevant Memory,No Control,5.333,5,5,6
222,20,Male,Year 2,Online/network test,Relevant Memory,No Control,6,7,6,6
223,21,Male,Year 3,Campus session,Relevant Memory,No Control,5.667,6,5,5
224,20,Male,Year 1,Campus session,Relevant Memory,No Control,5.667,5,6,4
225,18,Male,Year 3,Online/network test,Relevant Memory,No Control,5,5,6,5
226,19,Female,Year 3,Campus session,Relevant Memory,No Control,5.667,6,5,6
227,20,Male,Year 3,Campus session,Relevant Memory,No Control,5.667,5,5,6
228,44,Female,Resident,Campus resident session,Relevant Memory,No Control,5,4,4,3
229,21,Male,Year 2,Campus session,Relevant Memory,No Control,5.333,5,5,5
230,37,Female,Resident,Campus resident session,Relevant Memory,No Control,4.333,7,6,6
231,50,Female,Resident,Campus resident session,Relevant Memory,No Control,5,4,5,3
232,19,Female,Year 2,Online/network test,Relevant Memory,No Control,5,5,5,4
233,19,Female,Year 3,Campus session,Relevant Memory,No Control,5.667,7,7,7
234,20,Female,Year 2,Campus session,Relevant Memory,No Control,6,3,3,3
235,21,Female,Year 2,Campus session,Relevant Memory,No Control,5.333,6,7,5
236,44,Male,Resident,Campus resident session,Relevant Memory,No Control,5.333,6,5,6
237,21,Female,Year 1,Campus session,Relevant Memory,No Control,5,4,3,5
238,21,Male,Year 2,Campus session,Relevant Memory,No Control,6.333,4,5,4
239,48,Female,Resident,Campus resident session,Relevant Memory,No Control,6,5,5,4
240,20,Female,Year 2,Campus session,Relevant Memory,No Control,5,6,7,7
241,46,Female,Resident,Campus resident session,Relevant Memory,No Control,5.667,6,5,6
242,22,Male,Year 1,Online/network test,Relevant Memory,No Control,6.333,6,6,5
243,20,Male,Year 1,Online/network test,Relevant Memory,No Control,5,5,4,3
244,35,Male,Resident,Campus resident session,Relevant Memory,No Control,4.333,4,4,5
245,37,Female,Resident,Campus resident session,Relevant Memory,No Control,4,5,4,6
246,47,Female,Resident,Campus resident session,Relevant Memory,No Control,6,6,6,5
247,46,Female,Resident,Campus resident session,Relevant Memory,No Control,4.667,5,5,5
248,18,Female,Year 1,Online/network test,Relevant Memory,No Control,6.333,5,4,2
249,40,Male,Resident,Campus resident session,Relevant Memory,No Control,6,4,5,5
250,42,Male,Resident,Campus resident session,Relevant Memory,No Control,5,4,5,4
251,21,Female,Year 1,Online/network test,Relevant Memory,No Control,5.667,6,6,7
252,20,Male,Year 2,Campus session,Relevant Memory,No Control,4.667,5,5,6
253,20,Male,Year 2,Campus session,Relevant Memory,No Control,5.333,4,4,4
254,21,Female,Year 1,Campus session,Relevant Memory,No Control,5.667,3,3,4
255,21,Female,Year 2,Campus session,Relevant Memory,No Control,5.333,3,4,5
256,20,Prefer not to say,Year 2,Online/network test,Relevant Memory,No Control,5.667,4,4,5
257,52,Female,Resident,Campus resident session,Relevant Memory,No Control,5,4,4,5
258,37,Female,Resident,Campus resident session,Relevant Memory,No Control,5.333,4,3,4
259,20,Male,Year 1,Online/network test,Intrusive Memory,Editable Dashboard,1,5,4,4
260,21,Male,Year 2,Online/network test,Intrusive Memory,Editable Dashboard,1.333,5,5,5
261,20,Female,Year 3,Campus session,Intrusive Memory,Editable Dashboard,4.333,3,4,3
262,22,Female,Year 3,Campus session,Intrusive Memory,Editable Dashboard,3.333,3,5,3
263,47,Male,Resident,Campus resident session,Intrusive Memory,Editable Dashboard,2,3,4,4
264,23,Male,Year 3,Campus session,Intrusive Memory,Editable Dashboard,3.333,5,5,6
265,20,Male,Year 2,Online/network test,Intrusive Memory,Editable Dashboard,2.667,4,4,4
266,18,Male,Year 3,Online/network test,Intrusive Memory,Editable Dashboard,3.667,4,5,5
267,21,Female,Year 3,Campus session,Intrusive Memory,Editable Dashboard,2,4,5,3
268,19,Female,Year 2,Campus session,Intrusive Memory,Editable Dashboard,4.667,4,5,5
269,21,Male,Year 1,Campus session,Intrusive Memory,Editable Dashboard,3.333,3,2,2
270,40,Female,Resident,Campus resident session,Intrusive Memory,Editable Dashboard,3.667,5,5,6
271,40,Female,Resident,Campus resident session,Intrusive Memory,Editable Dashboard,4,5,5,5
272,51,Male,Resident,Campus resident session,Intrusive Memory,Editable Dashboard,5,3,4,3
273,49,Female,Resident,Campus resident session,Intrusive Memory,Editable Dashboard,2.333,4,5,5
274,21,Female,Year 1,Campus session,Intrusive Memory,Editable Dashboard,3,5,6,4
275,48,Female,Resident,Campus resident session,Intrusive Memory,Editable Dashboard,2.667,4,5,5
276,52,Female,Resident,Campus resident session,Intrusive Memory,Editable Dashboard,2,3,2,3
277,42,Female,Resident,Campus resident session,Intrusive Memory,Editable Dashboard,3.667,4,5,3
278,21,Female,Year 3,Online/network test,Intrusive Memory,Editable Dashboard,2.667,3,3,3
279,20,Female,Year 2,Campus session,Intrusive Memory,Editable Dashboard,2.333,4,5,4
280,19,Female,Year 2,Campus session,Intrusive Memory,Editable Dashboard,2.667,4,5,5
281,47,Female,Resident,Campus resident session,Intrusive Memory,Editable Dashboard,2.333,4,4,4
282,39,Female,Resident,Campus resident session,Intrusive Memory,Editable Dashboard,2,4,4,4
283,18,Male,Year 3,Campus session,Intrusive Memory,Editable Dashboard,2.333,3,3,4
284,20,Female,Year 1,Online/network test,Intrusive Memory,Editable Dashboard,2.667,4,4,4
285,22,Male,Year 3,Online/network test,Intrusive Memory,Editable Dashboard,3.667,4,4,4
286,44,Female,Resident,Campus resident session,Intrusive Memory,Editable Dashboard,2.333,4,5,5
287,40,Female,Resident,Campus resident session,Intrusive Memory,Editable Dashboard,4,3,3,3
288,19,Female,Year 3,Campus session,Intrusive Memory,Editable Dashboard,6,6,5,5
289,42,Male,Resident,Campus resident session,Intrusive Memory,Editable Dashboard,3.667,3,3,3
290,19,Male,Year 2,Online/network test,Intrusive Memory,Editable Dashboard,2.333,4,3,4
291,46,Female,Resident,Campus resident session,Intrusive Memory,Editable Dashboard,2.667,3,2,3
292,34,Female,Resident,Campus resident session,Intrusive Memory,Editable Dashboard,3.333,4,4,5
293,21,Male,Year 1,Campus session,Intrusive Memory,Editable Dashboard,1,4,3,4
294,20,Male,Year 3,Campus session,Intrusive Memory,Editable Dashboard,1.667,5,5,6
295,18,Female,Year 3,Campus session,Intrusive Memory,Editable Dashboard,4.667,5,4,5
296,61,Male,Resident,Campus resident session,Intrusive Memory,Editable Dashboard,2.667,4,4,3
297,34,Male,Resident,Campus resident session,Intrusive Memory,Editable Dashboard,3,2,3,2
298,19,Male,Year 1,Campus session,Intrusive Memory,Editable Dashboard,4.667,4,5,5
299,20,Male,Year 2,Online/network test,Intrusive Memory,Editable Dashboard,4,5,5,6
300,32,Male,Resident,Campus resident session,Intrusive Memory,Editable Dashboard,2.667,3,2,3
301,21,Male,Year 3,Campus session,Intrusive Memory,Editable Dashboard,4.667,4,4,4
302,20,Male,Year 2,Online/network test,Intrusive Memory,Editable Dashboard,3.333,4,4,3
303,52,Male,Resident,Campus resident session,Intrusive Memory,Editable Dashboard,3.667,7,5,6
304,20,Male,Year 3,Online/network test,Intrusive Memory,Editable Dashboard,3,4,4,4
305,21,Female,Year 1,Online/network test,Intrusive Memory,Editable Dashboard,3.667,6,5,4
306,48,Female,Resident,Campus resident session,Intrusive Memory,Editable Dashboard,3.333,2,2,2
307,21,Female,Year 1,Campus session,Intrusive Memory,Editable Dashboard,2.667,4,3,4
308,46,Female,Resident,Campus resident session,Intrusive Memory,Editable Dashboard,4.333,4,3,5
309,19,Male,Year 2,Online/network test,Intrusive Memory,Editable Dashboard,4,4,4,5
310,20,Female,Year 1,Campus session,Intrusive Memory,Editable Dashboard,2,4,5,4
311,19,Female,Year 1,Campus session,Intrusive Memory,Editable Dashboard,2,4,4,4
312,20,Male,Year 3,Campus session,Intrusive Memory,Editable Dashboard,2.333,3,3,4
313,45,Female,Resident,Campus resident session,Intrusive Memory,Editable Dashboard,4.333,4,4,4
314,41,Male,Resident,Campus resident session,Intrusive Memory,Editable Dashboard,2,4,2,3
315,21,Male,Year 3,Online/network test,Intrusive Memory,Editable Dashboard,4.333,3,4,4
316,20,Female,Year 3,Online/network test,Intrusive Memory,Editable Dashboard,2.667,6,5,5
317,20,Male,Year 2,Campus session,Intrusive Memory,Editable Dashboard,2.667,4,4,4
318,34,Female,Resident,Campus resident session,Intrusive Memory,Editable Dashboard,4,5,5,5
319,42,Female,Resident,Campus resident session,Intrusive Memory,Editable Dashboard,2.333,6,5,4
320,21,Female,Year 3,Campus session,Intrusive Memory,Editable Dashboard,1.667,5,5,6
321,21,Female,Year 1,Campus session,Intrusive Memory,Editable Dashboard,3.667,3,4,3
322,36,Female,Resident,Campus resident session,Intrusive Memory,Editable Dashboard,2.667,4,5,4
323,48,Male,Resident,Campus resident session,Intrusive Memory,Editable Dashboard,3.333,4,3,3
324,21,Female,Year 1,Campus session,Intrusive Memory,Editable Dashboard,2.667,2,4,4
325,40,Female,Resident,Campus resident session,Intrusive Memory,Editable Dashboard,4,4,3,4
326,35,Female,Resident,Campus resident session,Intrusive Memory,Editable Dashboard,4,4,3,3
327,39,Female,Resident,Campus resident session,Intrusive Memory,Editable Dashboard,4,3,2,3
328,22,Male,Year 3,Online/network test,Intrusive Memory,Editable Dashboard,1.667,4,4,4
329,20,Male,Year 2,Campus session,Intrusive Memory,Editable Dashboard,3.333,6,6,6
330,20,Male,Year 3,Campus session,Intrusive Memory,Editable Dashboard,3.333,5,5,4
331,45,Male,Resident,Campus resident session,Intrusive Memory,Editable Dashboard,4.333,3,4,3
332,20,Female,Year 2,Campus session,Intrusive Memory,Editable Dashboard,3.333,2,3,2
333,37,Male,Resident,Campus resident session,Intrusive Memory,Editable Dashboard,2.667,6,6,6
334,18,Female,Year 1,Online/network test,Intrusive Memory,Editable Dashboard,1.667,4,4,3
335,19,Female,Year 2,Campus session,Intrusive Memory,Editable Dashboard,2,5,6,5
336,35,Female,Resident,Campus resident session,Intrusive Memory,Editable Dashboard,3.333,4,5,5
337,21,Female,Year 1,Online/network test,Intrusive Memory,Editable Dashboard,2.667,2,2,4
338,43,Prefer not to say,Resident,Campus resident session,Intrusive Memory,Editable Dashboard,3.667,5,5,6
339,43,Female,Resident,Campus resident session,Intrusive Memory,Editable Dashboard,2,5,3,4
340,38,Female,Resident,Campus resident session,Intrusive Memory,Editable Dashboard,1.667,4,1,2
341,22,Female,Year 1,Campus session,Intrusive Memory,Editable Dashboard,1.667,2,5,3
342,20,Female,Year 3,Campus session,Intrusive Memory,Editable Dashboard,1.667,4,4,4
343,38,Male,Resident,Campus resident session,Intrusive Memory,Editable Dashboard,4.667,4,3,3
344,18,Prefer not to say,Year 3,Campus session,Intrusive Memory,Editable Dashboard,4.333,4,4,4
345,44,Female,Resident,Campus resident session,No Memory,Editable Dashboard,4.333,6,5,4
346,29,Male,Resident,Campus resident session,No Memory,Editable Dashboard,4,5,4,5
347,22,Female,Year 2,Campus session,No Memory,Editable Dashboard,4.333,4,5,5
348,30,Female,Resident,Campus resident session,No Memory,Editable Dashboard,4,3,4,3
349,19,Male,Year 2,Online/network test,No Memory,Editable Dashboard,3.333,5,4,4
350,36,Female,Resident,Campus resident session,No Memory,Editable Dashboard,5,6,6,5
351,19,Female,Year 3,Campus session,No Memory,Editable Dashboard,3,6,6,6
352,40,Male,Resident,Campus resident session,No Memory,Editable Dashboard,3,5,5,5
353,44,Male,Resident,Campus resident session,No Memory,Editable Dashboard,4,7,6,5
354,53,Male,Resident,Campus resident session,No Memory,Editable Dashboard,4,4,5,4
355,19,Male,Year 1,Campus session,No Memory,Editable Dashboard,3.667,5,6,5
356,48,Male,Resident,Campus resident session,No Memory,Editable Dashboard,3.333,4,4,4
357,40,Male,Resident,Campus resident session,No Memory,Editable Dashboard,3.667,5,4,4
358,41,Female,Resident,Campus resident session,No Memory,Editable Dashboard,4,3,5,4
359,19,Female,Year 2,Campus session,No Memory,Editable Dashboard,4.667,5,6,6
360,35,Male,Resident,Campus resident session,No Memory,Editable Dashboard,4,6,5,4
361,40,Female,Resident,Campus resident session,No Memory,Editable Dashboard,4.333,5,4,4
362,20,Male,Year 3,Campus session,No Memory,Editable Dashboard,4.667,4,5,5
363,39,Female,Resident,Campus resident session,No Memory,Editable Dashboard,4.333,5,5,4
364,22,Female,Year 1,Online/network test,No Memory,Editable Dashboard,3.667,5,6,4
365,19,Male,Year 3,Online/network test,No Memory,Editable Dashboard,4.667,4,5,4
366,20,Female,Year 1,Campus session,No Memory,Editable Dashboard,5.667,3,3,3
367,44,Male,Resident,Campus resident session,No Memory,Editable Dashboard,4.667,4,6,5
368,20,Female,Year 1,Campus session,No Memory,Editable Dashboard,4.667,5,5,5
369,18,Prefer not to say,Year 3,Campus session,No Memory,Editable Dashboard,3.333,6,5,4
370,22,Male,Year 2,Online/network test,No Memory,Editable Dashboard,3,5,6,5
371,19,Male,Year 3,Online/network test,No Memory,Editable Dashboard,1.333,5,5,5
372,20,Male,Year 1,Campus session,No Memory,Editable Dashboard,4.333,7,6,6
373,20,Male,Year 1,Online/network test,No Memory,Editable Dashboard,5,5,5,5
374,35,Female,Resident,Campus resident session,No Memory,Editable Dashboard,4.667,6,6,6
375,46,Female,Resident,Campus resident session,No Memory,Editable Dashboard,4.333,5,5,4
376,22,Female,Year 1,Campus session,No Memory,Editable Dashboard,5.333,4,4,5
377,21,Female,Year 3,Campus session,No Memory,Editable Dashboard,5,5,4,4
378,20,Female,Year 2,Campus session,No Memory,Editable Dashboard,2.667,5,5,4
379,23,Female,Year 3,Campus session,No Memory,Editable Dashboard,4,4,3,4
380,21,Female,Year 2,Campus session,No Memory,Editable Dashboard,2.667,6,5,5
381,19,Male,Year 3,Campus session,No Memory,Editable Dashboard,2.667,4,3,4
382,19,Female,Year 2,Campus session,No Memory,Editable Dashboard,3,4,5,4
383,20,Male,Year 3,Campus session,No Memory,Editable Dashboard,4.333,5,5,5
384,20,Male,Year 1,Online/network test,No Memory,Editable Dashboard,5,5,4,5
385,19,Male,Year 3,Online/network test,No Memory,Editable Dashboard,5,4,5,4
386,54,Male,Resident,Campus resident session,No Memory,Editable Dashboard,2.333,5,4,4
387,19,Female,Year 3,Campus session,No Memory,Editable Dashboard,3.333,5,4,4
388,20,Male,Year 3,Campus session,No Memory,Editable Dashboard,4.333,5,5,5
389,21,Female,Year 2,Campus session,No Memory,Editable Dashboard,4.667,3,4,4
390,40,Female,Resident,Campus resident session,No Memory,Editable Dashboard,6.667,6,6,5
391,20,Male,Year 1,Campus session,No Memory,Editable Dashboard,5.667,4,4,4
392,20,Male,Year 3,Campus session,No Memory,Editable Dashboard,4.333,5,3,5
393,19,Female,Year 1,Campus session,No Memory,Editable Dashboard,4.333,3,3,3
394,45,Female,Resident,Campus resident session,No Memory,Editable Dashboard,5.333,5,4,5
395,19,Female,Year 3,Campus session,No Memory,Editable Dashboard,4.667,4,5,4
396,20,Male,Year 1,Online/network test,No Memory,Editable Dashboard,3.667,4,5,5
397,18,Female,Year 1,Online/network test,No Memory,Editable Dashboard,4.333,6,5,6
398,21,Male,Year 2,Online/network test,No Memory,Editable Dashboard,5.667,4,5,3
399,20,Female,Year 2,Campus session,No Memory,Editable Dashboard,3.667,5,5,6
400,19,Male,Year 3,Campus session,No Memory,Editable Dashboard,4,4,4,5
401,19,Female,Year 3,Campus session,No Memory,Editable Dashboard,5,5,4,5
402,21,Female,Year 1,Online/network test,No Memory,Editable Dashboard,3.667,4,5,4
403,47,Male,Resident,Campus resident session,No Memory,Editable Dashboard,5.333,6,5,5
404,38,Female,Resident,Campus resident session,No Memory,Editable Dashboard,5.667,5,6,5
405,20,Female,Year 3,Campus session,No Memory,Editable Dashboard,3.667,4,5,5
406,43,Female,Resident,Campus resident session,No Memory,Editable Dashboard,3,5,5,4
407,19,Male,Year 1,Campus session,No Memory,Editable Dashboard,3.333,4,4,4
408,20,Male,Year 3,Campus session,No Memory,Editable Dashboard,3.333,5,5,4
409,19,Male,Year 3,Campus session,No Memory,Editable Dashboard,4.667,4,5,4
410,42,Female,Resident,Campus resident session,No Memory,Editable Dashboard,5.667,3,4,5
411,42,Male,Resident,Campus resident session,No Memory,Editable Dashboard,2.333,4,4,4
412,18,Female,Year 3,Campus session,No Memory,Editable Dashboard,5,4,5,5
413,21,Female,Year 1,Campus session,No Memory,Editable Dashboard,4.667,5,5,5
414,19,Female,Year 2,Online/network test,No Memory,Editable Dashboard,3.333,5,5,6
415,35,Female,Resident,Campus resident session,No Memory,Editable Dashboard,4,4,3,4
416,20,Female,Year 1,Online/network test,No Memory,Editable Dashboard,5,4,4,5
417,19,Female,Year 2,Campus session,No Memory,Editable Dashboard,4.667,3,4,4
418,19,Female,Year 3,Online/network test,No Memory,Editable Dashboard,4.333,6,5,5
419,18,Female,Year 2,Campus session,No Memory,Editable Dashboard,5.667,4,4,5
420,43,Female,Resident,Campus resident session,No Memory,Editable Dashboard,2,3,5,4
421,19,Female,Year 3,Campus session,No Memory,Editable Dashboard,3,3,3,4
422,21,Female,Year 2,Campus session,No Memory,Editable Dashboard,4.333,5,5,4
423,22,Male,Year 1,Campus session,No Memory,Editable Dashboard,6,5,5,4
424,23,Female,Year 1,Campus session,No Memory,Editable Dashboard,4,5,5,4
425,45,Female,Resident,Campus resident session,No Memory,Editable Dashboard,3.667,4,3,4
426,21,Female,Year 2,Campus session,No Memory,Editable Dashboard,3.667,3,4,2
427,21,Male,Year 1,Campus session,No Memory,Editable Dashboard,1.333,3,3,2
428,53,Male,Resident,Campus resident session,No Memory,Editable Dashboard,4.667,6,7,6
429,49,Male,Resident,Campus resident session,No Memory,Editable Dashboard,4.333,5,4,4
430,21,Male,Year 2,Online/network test,No Memory,Editable Dashboard,4.667,5,3,4
431,20,Male,Year 2,Online/network test,No Memory,Editable Dashboard,4.667,3,4,4
432,21,Female,Year 1,Campus session,No Memory,Editable Dashboard,4.667,5,5,6
433,20,Female,Year 1,Campus session,Relevant Memory,Editable Dashboard,5,4,5,5
434,58,Female,Resident,Campus resident session,Relevant Memory,Editable Dashboard,5.667,4,4,6
435,21,Female,Year 1,Online/network test,Relevant Memory,Editable Dashboard,4.667,5,5,5
436,18,Male,Year 1,Campus session,Relevant Memory,Editable Dashboard,6,6,5,5
437,21,Female,Year 3,Campus session,Relevant Memory,Editable Dashboard,5.333,4,5,4
438,34,Female,Resident,Campus resident session,Relevant Memory,Editable Dashboard,6,3,5,4
439,22,Female,Year 2,Online/network test,Relevant Memory,Editable Dashboard,5.333,6,5,5
440,21,Female,Year 3,Campus session,Relevant Memory,Editable Dashboard,3.667,5,5,4
441,21,Male,Year 1,Campus session,Relevant Memory,Editable Dashboard,4.333,5,4,5
442,48,Female,Resident,Campus resident session,Relevant Memory,Editable Dashboard,6.333,3,4,4
443,20,Female,Year 1,Campus session,Relevant Memory,Editable Dashboard,3.667,6,6,5
444,44,Female,Resident,Campus resident session,Relevant Memory,Editable Dashboard,4.667,5,4,4
445,59,Male,Resident,Campus resident session,Relevant Memory,Editable Dashboard,4.333,6,4,4
446,20,Female,Year 3,Online/network test,Relevant Memory,Editable Dashboard,5,6,6,6
447,20,Female,Year 2,Campus session,Relevant Memory,Editable Dashboard,5.333,3,5,4
448,35,Female,Resident,Campus resident session,Relevant Memory,Editable Dashboard,5.667,5,4,5
449,18,Female,Year 3,Campus session,Relevant Memory,Editable Dashboard,6,4,6,4
450,35,Female,Resident,Campus resident session,Relevant Memory,Editable Dashboard,5,5,6,6
451,23,Female,Year 2,Campus session,Relevant Memory,Editable Dashboard,6,6,5,4
452,37,Female,Resident,Campus resident session,Relevant Memory,Editable Dashboard,5.667,7,6,7
453,25,Male,Resident,Campus resident session,Relevant Memory,Editable Dashboard,5.333,5,6,5
454,18,Female,Year 3,Campus session,Relevant Memory,Editable Dashboard,5.333,7,6,7
455,37,Female,Resident,Campus resident session,Relevant Memory,Editable Dashboard,5.667,5,5,5
456,36,Male,Resident,Campus resident session,Relevant Memory,Editable Dashboard,3.667,5,6,6
457,21,Female,Year 3,Online/network test,Relevant Memory,Editable Dashboard,7,6,7,6
458,43,Female,Resident,Campus resident session,Relevant Memory,Editable Dashboard,4.667,3,3,4
459,19,Prefer not to say,Year 3,Online/network test,Relevant Memory,Editable Dashboard,5.333,5,5,5
460,44,Male,Resident,Campus resident session,Relevant Memory,Editable Dashboard,5,6,4,6
461,20,Male,Year 3,Online/network test,Relevant Memory,Editable Dashboard,4.667,4,4,5
462,19,Female,Year 2,Campus session,Relevant Memory,Editable Dashboard,5,7,7,7
463,21,Female,Year 3,Online/network test,Relevant Memory,Editable Dashboard,5.667,5,5,6
464,56,Female,Resident,Campus resident session,Relevant Memory,Editable Dashboard,4.667,4,4,5
465,49,Male,Resident,Campus resident session,Relevant Memory,Editable Dashboard,4.333,5,5,6
466,37,Male,Resident,Campus resident session,Relevant Memory,Editable Dashboard,5.667,5,5,7
467,33,Female,Resident,Campus resident session,Relevant Memory,Editable Dashboard,6,3,3,4
468,45,Female,Resident,Campus resident session,Relevant Memory,Editable Dashboard,5,3,3,4
469,22,Female,Year 2,Online/network test,Relevant Memory,Editable Dashboard,6,4,4,5
470,19,Female,Year 1,Online/network test,Relevant Memory,Editable Dashboard,5.333,5,5,5
471,21,Male,Year 1,Campus session,Relevant Memory,Editable Dashboard,6.333,6,5,5
472,31,Female,Resident,Campus resident session,Relevant Memory,Editable Dashboard,6.333,5,5,4
473,57,Female,Resident,Campus resident session,Relevant Memory,Editable Dashboard,5.333,5,6,6
474,18,Female,Year 3,Campus session,Relevant Memory,Editable Dashboard,5.333,5,5,6
475,52,Female,Resident,Campus resident session,Relevant Memory,Editable Dashboard,4.333,4,3,4
476,22,Female,Year 2,Online/network test,Relevant Memory,Editable Dashboard,4.667,5,5,5
477,20,Female,Year 1,Campus session,Relevant Memory,Editable Dashboard,5.667,5,6,6
478,38,Female,Resident,Campus resident session,Relevant Memory,Editable Dashboard,7,4,4,5
479,27,Female,Resident,Campus resident session,Relevant Memory,Editable Dashboard,5.333,5,4,5
480,52,Female,Resident,Campus resident session,Relevant Memory,Editable Dashboard,4.667,4,3,4
481,41,Female,Resident,Campus resident session,Relevant Memory,Editable Dashboard,4.667,4,4,5
482,19,Male,Year 2,Campus session,Relevant Memory,Editable Dashboard,6,5,5,6
483,19,Male,Year 1,Campus session,Relevant Memory,Editable Dashboard,4,5,5,6
484,19,Male,Year 3,Online/network test,Relevant Memory,Editable Dashboard,7,5,4,5
485,18,Female,Year 1,Campus session,Relevant Memory,Editable Dashboard,5,3,5,5
486,19,Female,Year 2,Campus session,Relevant Memory,Editable Dashboard,6,4,3,3
487,51,Male,Resident,Campus resident session,Relevant Memory,Editable Dashboard,5.333,3,3,3
488,26,Male,Resident,Campus resident session,Relevant Memory,Editable Dashboard,6.667,5,4,5
489,37,Female,Resident,Campus resident session,Relevant Memory,Editable Dashboard,4.333,4,4,2
490,42,Female,Resident,Campus resident session,Relevant Memory,Editable Dashboard,3.667,5,5,5
491,42,Male,Resident,Campus resident session,Relevant Memory,Editable Dashboard,4.667,4,5,4
492,39,Female,Resident,Campus resident session,Relevant Memory,Editable Dashboard,6.667,5,4,6
493,20,Female,Year 1,Campus session,Relevant Memory,Editable Dashboard,5,5,5,5
494,45,Prefer not to say,Resident,Campus resident session,Relevant Memory,Editable Dashboard,4,6,5,5
495,22,Female,Year 3,Campus session,Relevant Memory,Editable Dashboard,4.667,6,6,6
496,34,Male,Resident,Campus resident session,Relevant Memory,Editable Dashboard,5.667,4,4,5
497,40,Female,Resident,Campus resident session,Relevant Memory,Editable Dashboard,4.333,7,6,6
498,18,Male,Year 2,Online/network test,Relevant Memory,Editable Dashboard,3.667,3,3,3
499,19,Male,Year 1,Campus session,Relevant Memory,Editable Dashboard,4.333,6,5,6
500,42,Female,Resident,Campus resident session,Relevant Memory,Editable Dashboard,7,5,5,5
501,21,Female,Year 1,Campus session,Relevant Memory,Editable Dashboard,4.667,5,5,4
502,46,Female,Resident,Campus resident session,Relevant Memory,Editable Dashboard,6,4,4,4
503,21,Female,Year 3,Campus session,Relevant Memory,Editable Dashboard,5,5,6,5
504,20,Male,Year 3,Campus session,Relevant Memory,Editable Dashboard,5.333,5,5,5
505,21,Male,Year 3,Campus session,Relevant Memory,Editable Dashboard,6.333,5,6,6
506,20,Female,Year 2,Campus session,Relevant Memory,Editable Dashboard,4.333,5,6,5
507,47,Male,Resident,Campus resident session,Relevant Memory,Editable Dashboard,4.333,7,6,5
508,34,Female,Resident,Campus resident session,Relevant Memory,Editable Dashboard,5.333,4,5,5
509,22,Male,Year 1,Online/network test,Relevant Memory,Editable Dashboard,7,4,5,5
510,29,Male,Resident,Campus resident session,Relevant Memory,Editable Dashboard,6.667,5,5,5
511,54,Male,Resident,Campus resident session,Relevant Memory,Editable Dashboard,5.333,6,3,4
512,19,Male,Year 2,Campus session,Relevant Memory,Editable Dashboard,6.333,5,7,7
513,19,Male,Year 2,Campus session,Relevant Memory,Editable Dashboard,5.333,4,4,4
514,44,Female,Resident,Campus resident session,Relevant Memory,Editable Dashboard,4,6,5,5
515,20,Female,Year 2,Campus session,Relevant Memory,Editable Dashboard,6,4,4,4
516,19,Female,Year 2,Campus session,Relevant Memory,Editable Dashboard,3.667,4,3,4
